"id","Start","Brand","Offer","Bonus Date","Reg Rate","Coins per $1 - Now | Later | Total","Discount Type","Rate Bump?","End","Limits","Notes"
"1","08/16/2024 12:00 AM","Instacart","15X","08/31/2024","3X","60 | 240 | 300","Coins","","08/18/2024 11:59 PM","$2,000.00",""
"2","08/16/2024 09:00 AM","REI","15X","09/02/2024","6X","120 | 180 | 300","Coins","","08/18/2024 11:59 PM","No Limit",""
"3","08/16/2024 09:00 AM","Old Navy","20X","09/02/2024","5X","100 | 300 | 400","Coins","","08/18/2024 11:59 PM","No Limit",""
"4","08/16/2024 09:00 AM","Puma","20X","09/02/2024","8X","160 | 240 | 400","Coins","","08/18/2024 11:59 PM","No Limit",""
"5","08/16/2024 09:00 AM","Allbirds","20X","09/02/2024","5X","100 | 300 | 400","Coins","","08/18/2024 11:59 PM","No Limit",""
"6","08/14/2024 09:00 AM","PetSmart","14X","08/31/2024","7X","140 | 140 | 280","Coins","","08/16/2024 11:59 PM","No Limit",""
"7","08/14/2024 09:00 AM","Big Lots","12.5X","08/31/2024","5X","100 | 150 | 250","Coins","","08/16/2024 11:59 PM","No Limit",""
"8","08/14/2024 09:00 AM","Ikea","10X","08/31/2024","4X","80 | 120 | 200","Coins","","08/16/2024 11:59 PM","No Limit",""
"9","08/14/2024 09:00 AM","Kohl's","10X","08/31/2024","5X","100 | 100 | 200","Coins","","08/16/2024 11:59 PM","1 per person | Max $500",""
"10","08/14/2024 09:00 AM","Uber","9X","08/31/2024","3X","60 | 120 | 180","Coins","","08/16/2024 11:59 PM","Unclear | Contradiction","Graphic and TOS contradict each other with regards to limits."
"11","08/14/2024 09:00 AM","Chipotle","8X","08/31/2024","2X","40 | 120 | 160","Coins","","08/16/2024 11:59 PM","1 per person | Max $500",""
"12","08/14/2024 09:00 AM","Macy's","7.5X","08/31/2024","3X","60 | 90 | 150","Coins","","08/16/2024 11:59 PM","No Limit","Points Boosted to 15X"
"13","08/14/2024 01:00 PM","Amazon","10X","08/31/2024","4X","80 | 120 | 200","Coins","","08/14/2024 11:59 PM","No Limit",""
"14","08/14/2024 01:00 PM","Sam's Club","10X","08/31/2024","2X","40 | 160 | 200","Coins","","08/14/2024 11:59 PM","No Limit",""
"15","08/14/2024 01:00 PM","Nike","15X","08/31/2024","7X","140 | 160 | 300","Coins","","08/14/2024 11:59 PM","No Limit",""
"16","08/14/2024 01:00 PM","Adidas","17.5X","08/31/2024","7X","140 | 210 | 350","Coins","","08/14/2024 11:59 PM","No Limit",""
"17","08/13/2024 02:00 PM","Nike","15X","08/31/2024","7X","140 | 160 | 300","Coins","","08/13/2024 11:59 PM","Unstated",""
"18","08/12/2024 11:00 AM","Hopper","9X","08/31/2024","3X","60 | 120 | 180","Coins","","08/13/2024 11:59 PM","No Limit",""
"19","08/12/2024 11:00 AM","AirBnB","10X","08/31/2024","4X","80 | 120 | 200","Coins","","08/13/2024 11:59 PM","No Limit",""
"20","08/12/2024 11:00 AM","Groupon","12.5X","08/31/2024","5X","100 | 150 | 250","Coins","","08/13/2024 11:59 PM","No Limit",""
"21","08/12/2024 11:00 AM","Southwest","10X","08/31/2024","4X","80 | 120 | 200","Coins","","08/13/2024 11:59 PM","No Limit",""
"22","08/12/2024 11:00 AM","Hotels.Com","10X","08/31/2024","5X","100 | 100 | 200","Coins","","08/13/2024 11:59 PM","No Limit",""
"23","08/12/2024 11:00 AM","Delta","10X","08/31/2024","4X","80 | 120 | 200","Coins","","08/13/2024 11:59 PM","No Limit",""
"24","08/08/2024 12:00 AM","Old Navy","15X","08/23/2024","5X","100 | 200 | 300","Coins","","08/11/2024 11:59 PM","Unstated",""
"25","08/07/2024 12:00 AM","Abercrombie & Fitch","15X","08/23/2024","6X","120 | 180 | 300","Coins","","08/08/2024 11:59 PM","No Limit",""
"26","08/07/2024 12:00 AM","Finish Line","20X","08/23/2024","8X","160 | 240 | 400","Coins","","08/08/2024 11:59 PM","No Limit",""
"27","08/07/2024 12:00 AM","Nautica","15X","08/23/2024","6X","120 | 180 | 300","Coins","","08/08/2024 11:59 PM","No Limit",""
"28","08/07/2024 12:00 AM","REI","15X","08/23/2024","6X","120 | 180 | 300","Coins","","08/08/2024 11:59 PM","No Limit",""
"35","08/16/2024 02:30 PM","Amazon","7.5X","08/31/2024","4X","80 | 70 | 150","Coins","","08/16/2024 11:59 PM","No Limit",""
"36","08/14/2024 09:00 AM","Ikea","10X","08/31/2024","4X","80 | 120 | 200","Coins","","08/16/2024 11:59 PM","No Limit",""
"37","08/14/2024 09:00 AM","Macy's","15X","08/31/2024","3X","60 | 240 | 300","Coins","yes","08/16/2024 11:59 PM","No Limit",""
"39","08/17/2024 09:00 AM","""Bed, Bath, & Beyond""","10X","09/02/2024","5X","100 | 100 | 200","Coins","","08/18/2024 11:59 PM","No Limit",""
"40","08/17/2024 09:00 AM","Groupon","15X","09/02/2024","5X","100 | 200 | 300","Coins","","08/18/2024 11:59 PM","No Limit",""
"41","08/17/2024 09:00 AM","Finish Line","15X","09/02/2024","8X","160 | 140 | 300","Coins","","08/18/2024 11:59 PM","No Limit",""
"42","08/17/2024 09:00 AM","Wayfair","10X","09/02/2024","4X","80 | 120 | 200","Coins","","08/18/2024 11:59 PM","No Limit",""
"43","08/17/2024 02:00 PM","Sam's Club","7.5X","09/02/2024","2X","40 | 110 | 150","Coins","","08/17/2024 11:59 PM","No Limit",""
"45","08/11/2024 01:30 PM","Sam's Club","10X","08/31/2024","2X","40 | 160 | 200","Coins","","08/11/2024 11:59 PM","No Limit",""
"46","08/14/2024 09:00 AM","Uber","20X","08/31/2024","3X","60 | 340 | 400","Coins","yes","08/16/2024 11:59 PM","No Limit",""
"47","08/18/2024 09:00 AM","Petco","20X","09/02/2024","8X","160 | 240 | 400","Coins","","08/18/2024 11:59 PM","No Limit",""
"48","08/18/2024 09:00 AM","Sephora","15X","09/02/2024","5X","100 | 200 | 300","Coins","","08/18/2024 11:59 PM","No Limit",""
"49","08/18/2024 09:00 AM","Champs","18X","09/02/2024","6X","120 | 240 | 360","Coins","","08/18/2024 11:59 PM","No Limit",""
"50","08/18/2024 09:00 AM","Google Play","10X","09/02/2024","3X","60 | 140 | 200","Coins","","08/18/2024 11:59 PM","No Limit",""
"51","08/18/2024 10:00 AM","Amazon","7.5x","09/02/2024","4X","80 | 70 | 150","Coins","","08/18/2024 11:59 PM","No Limit",""
"52","08/18/2024 10:00 AM","Nike","15X","09/02/2024","7X","140 | 160 | 300","Coins","","08/18/2024 11:59 PM","No Limit",""
"60","08/19/2024 11:00 AM","H&M","15X","09/09/2024","5X","100 | 200 | 300","Coins","","08/20/2024 11:59 PM","No Limit",""
"61","08/19/2024 11:00 AM","AirBnB","10X","09/09/2024","4X","80 | 120 | 200","Coins","","08/20/2024 11:59 PM","No Limit",""
"62","08/19/2024 11:00 AM","Delta","12X","09/09/2024","4X","80 | 160 | 240","Coins","","08/20/2024 11:59 PM","No Limit",""
"63","08/19/2024 11:00 AM","Roblox","20X","09/09/2024","5X","100 | 300 | 400","Coins","","08/20/2024 11:59 PM","No Limit",""
"64","08/19/2024 11:00 AM","Amazon Fresh","16X","09/09/2024","4X","80 | 240 | 320","Coins","","08/20/2024 11:59 PM","No Limit","Sold Out"
"65","08/19/2024 11:00 AM","Netflix","15X","09/09/2024","5X","100 | 200 | 300","Coins","","08/20/2024 11:59 PM","No Limit","Sold Out"
"66","08/19/2024 11:00 AM","Sam's Club","7.5X","09/09/2024","2X","40 | 110 | 150","Coins","","08/20/2024 11:59 PM","No Limit",""
"67","08/19/2024 11:00 AM","JC Penney","17.5X","09/09/2024","7X","140 | 210 | 350","Coins","","08/20/2024 11:59 PM","No Limit",""
"68","08/19/2024 11:00 AM","Hulu","15X","09/09/2024","5X","100 | 200 | 300","Coins","","08/20/2024 11:59 PM","No Limit",""
"69","08/19/2024 11:00 AM","Peet's","20X","09/09/2024","5X","100 | 300 | 400","Coins","","08/20/2024 11:59 PM","No Limit",""
"70","08/11/2024 01:30 PM","Amazon","10X","08/31/2024","4X","80 | 120 | 200","Coins","","08/11/2024 11:59 PM","No Limit",""
"71","08/13/2024 11:00 AM","Amazon","10X","08/31/2024","4X","80 | 120 | 200","Coins","","08/13/2024 11:59 PM","Unstated",""
"72","08/15/2024 11:00 AM","Meijer","9X","08/31/2024","3X","60 | 120 | 180","Coins","","08/18/2024 11:59 PM","1 per person | Max $500",""
"78","08/20/2024 10:00 AM","PetSmart","17.5X","09/09/2024","7X","140 | 210 | 350","Coins","","08/20/2024 11:59 PM","No Limit",""
"79","08/20/2024 10:00 AM","Nike","10X","09/09/2024","7X","140 | 60 | 200","Coins","","08/20/2024 11:59 PM","No Limit",""
"80","08/20/2024 10:00 AM","Sam's Club","10X","09/09/2024","2X","40 | 160 | 200","Coins","","08/20/2024 11:59 PM","No Limit","Point boost from previous deal running in the same time period."
"81","08/20/2024 10:00 AM","Amazon Fresh","16X","09/09/2024","4X","80 | 240 | 320","Coins","","08/20/2024 11:59 PM","No Limit","Sold out day before but brought back on 8/20 Sold out on 8/20 by 12:30PM EST"
"82","08/16/2024 04:00 PM","Adidas","17.5X","08/31/2024","7X","140 | 210 | 350","Coins","","08/16/2024 11:59 PM","No Limit",""
"83","08/20/2024 08:30 PM","Amazon","7.5x","09/09/2024","4X","80 | 70 | 150","Coins","","08/20/2024 11:59 PM","No Limit",""
"84","08/21/2024 03:00 PM","Lowe's","10X","09/09/2024","4X","80 | 120 | 200","Coins","","08/23/2024 11:59 PM","No Limit","WARNING:  THIS DEAL WAS ADDED MIDDAY BUT HAS THE WRONG START DATES AND TIMES.  PURCHASE AT YOUR OWN RISK."
"85","08/21/2024 10:00 AM","Champs","18X","09/09/2024","6X","120 | 240 | 360","Coins","","08/23/2024 11:59 PM","No Limit",""
"86","08/21/2024 10:00 AM","Finish Line","20X","09/09/2024","8X","160 | 240 | 400","Coins","","08/23/2024 11:59 PM","No Limit",""
"87","08/21/2024 10:00 AM","Foot Locker","14X","09/09/2024","5X","100 | 180 | 280","Coins","","08/23/2024 11:59 PM","1 Time Use | $500 Max Spend",""
"88","08/21/2024 10:00 AM","Ikea","10X","09/09/2024","4X","80 | 120 | 200","Coins","","08/23/2024 11:59 PM","No Limit",""
"89","08/21/2024 10:00 AM","Instacart","20X","09/09/2024","3X","60 | 340 | 400","Coins","","08/21/2024 11:59 PM","No Limit",""
"90","08/21/2024 10:00 AM","REI","15X","09/09/2024","6X","120 | 180 | 300","Coins","","08/23/2024 11:59 PM","No Limit",""
"91","08/21/2024 10:00 AM","Nike","10X","09/09/2024","7X","140 | 60 | 200","Coins","","08/23/2024 11:59 PM","No Limit",""
"92","08/21/2024 10:00 AM","Chipotle","10X","09/09/2024","2X","40 | 160 | 200","Coins","","08/23/2024 11:59 PM","No Limit",""
"93","08/21/2024 10:00 AM","Kohl's","10X","09/09/2024","5X","100 | 100 | 200","Coins","","08/23/2024 11:59 PM","Limit released around 3PM ...previously >>1 Time Use | $500 Max Spend",""
"94","08/21/2024 10:00 AM","PetSmart","20X","09/09/2024","7X","140 | 260 | 400","Coins","","08/23/2024 11:59 PM","No Limit",""
"95","08/21/2024 03:00 PM","Wayfair","10X","09/09/2024","4X","80 | 120 | 200","Coins","","08/23/2024 11:59 PM","No Limit","WARNING:  THIS DEAL WAS ADDED MIDDAY BUT HAS THE WRONG START DATES AND TIMES.  PURCHASE AT YOUR OWN RISK."
"96","08/21/2024 11:00 AM","AirBnB","10X","09/09/2024","4X","80 | 120 | 200","Coins","","08/23/2024 11:59 PM","No Limit",""
"100","08/05/2024 12:00 AM","Adidas","14X","08/23/2024","7X","140 | 140 | 280","Coins","","08/06/2024 11:59 PM","1 per person | Max $500",""
"101","08/05/2024 12:00 AM","Under Armour","20X","08/23/2024","8X","160 | 240 | 400","Coins","","08/06/2024 11:59 PM","No Limit",""
"102","08/05/2024 12:00 AM","Nike","14X","08/23/2024","7X","140 | 140 | 280","Coins","","08/06/2024 11:59 PM","1 per person | Max $500",""
"103","08/05/2024 12:00 AM","Puma","20X","08/23/2024","8X","160 | 240 | 400","Coins","","08/06/2024 11:59 PM","No Limit",""
"104","08/05/2024 12:00 AM","Foot Locker","14X","08/23/2024","5X","100 | 180 | 280","Coins","","08/06/2024 11:59 PM","1 per person | Max $500",""
"105","08/22/2024 07:00 PM","Adidas","14X","09/09/2024","7X","140 | 140 | 280","Coins","","08/23/2024 11:59 PM","No Limit",""
"106","08/22/2024 07:00 PM","Southwest","12X","09/09/2024","4X","80 | 160 | 240","Coins","","08/23/2024 11:59 PM","No Limit",""
"107","08/23/2024 12:00 AM","Doordash","10%","","3X","54","%","","08/25/2024 11:59 PM","No Limit","When first published on 8/22, this deal had a $500, 1 time use.  The next day, they republished it and took out the ""limit"" language."
"109","08/23/2024 05:00 PM","Amazon","10X","09/09/2024","4X","80 | 120 | 200","Coins","","08/23/2024 11:59 PM","No Limit",""
"114","08/23/2024 11:00 AM","Puma","20X","09/09/2024","8X","160 | 240 | 400","Coins","","08/23/2024 11:59 PM","No Limit",""
"115","08/23/2024 11:00 AM","Meijer","9X","09/09/2024","3X","60 | 120 | 180","Coins","","08/23/2024 11:59 PM","1 Time Use | $500 Max Spend",""
"116","08/23/2024 11:00 AM","Netflix","15X","09/09/2024","5X","100 | 200 | 300","Coins","","08/23/2024 11:59 PM","No Limit",""
"117","08/23/2024 11:00 AM","Delta","10X","09/09/2024","4X","80 | 120 | 200","Coins","","08/23/2024 11:59 PM","No Limit",""
"118","08/23/2024 11:00 AM","Gamestop","10X","09/09/2024","5X","100 | 100 | 200","Coins","","08/23/2024 11:59 PM","No Limit",""
"119","08/23/2024 11:00 AM","Petco","20X","09/09/2024","8X","160 | 240 | 400","Coins","","08/23/2024 11:59 PM","No Limit",""
"120","08/23/2024 11:00 AM","Google Play","10.5X","09/09/2024","3X","60 | 150 | 210","Coins","","08/23/2024 11:59 PM","No Limit",""
"121","08/24/2024 09:30 AM","REI","15X","09/09/2024","6X","120 | 180 | 300","Coins","","08/25/2024 11:59 PM","No Limit",""
"129","08/24/2024 09:30 AM","Sephora","15X","09/09/2024","5X","100 | 200 | 300","Coins","","08/25/2024 11:59 PM","No Limit",""
"130","08/24/2024 09:30 AM","Uber","9X","09/09/2024","3X","60 | 120 | 180","Coins","","08/25/2024 11:59 PM","No Limit",""
"131","08/24/2024 09:30 AM","CVS","20X","09/09/2024","3X","60 | 340 | 400","Coins","","08/25/2024 11:59 PM","No Limit",""
"132","08/24/2024 09:30 AM","JC Penney","17.5X","09/09/2024","7X","140 | 210 | 350","Coins","","08/25/2024 11:59 PM","No Limit",""
"133","08/24/2024 09:30 AM","Groupon","15X","09/09/2024","5X","100 | 200 | 300","Coins","","08/25/2024 11:59 PM","No Limit",""
"134","08/24/2024 09:30 AM","Champs","10X","09/09/2024","6X","120 | 80 | 200","Coins","","08/25/2024 11:59 PM","No Limit",""
"135","08/24/2024 09:30 AM","""Bed, Bath, & Beyond""","10X","09/09/2024","5X","100 | 100 | 200","Coins","","08/25/2024 11:59 PM","No Limit",""
"137","08/24/2024 04:30 PM","Sam's Club","9X","09/09/2024","2X","40 | 140 | 180","Coins","","08/24/2024 11:59 PM","No Limit",""
"139","08/25/2024 04:30 PM","Southwest","20X","09/09/2024","4X","80 | 320 | 400","Coins","","08/25/2024 11:59 PM","No Limit",""
"140","08/25/2024 12:00 PM","Amazon","10X","09/09/2024","4X","80 | 120 | 200","Coins","","08/25/2024 11:59 PM","No Limit","WARNING:  Their original graphic (2nd one here) said 10X in the title but 20 in the text.  It also had an payout date of 08/31.  They later changed the text to 10X and a payout date of 09/09."
"141","08/26/2024 10:00 AM","PetSmart","20X","09/16/2024","7X","140 | 260 | 400","Coins","","08/27/2024 11:59 PM","No Limit",""
"142","08/26/2024 10:00 AM","Finish Line","20X","09/16/2024","8X","160 | 240 | 400","Coins","","08/27/2024 11:59 PM","No Limit",""
"143","08/26/2024 10:00 AM","Nike","15X","09/16/2024","7X","140 | 160 | 300","Coins","","08/27/2024 11:59 PM","No Limit","WARNING:  In typical fashion, Pepper messed up the information when first published.  They originally published payout dates of 9/9 but, 20 minutes later, changed them to 9/16."
"144","08/26/2024 10:00 AM","Kohl's","10X","09/16/2024","5X","100 | 100 | 200","Coins","","08/27/2024 11:59 PM","No Limit","WARNING:  In typical fashion, Pepper messed up the information when first published.  They originally published payout dates of 9/9 but, 20 minutes later, changed them to 9/16."
"145","08/26/2024 10:00 AM","Old Navy","15X","09/16/2024","5X","100 | 200 | 300","Coins","","08/27/2024 11:59 PM","No Limit","WARNING:  In typical fashion, Pepper messed up the information when first published.  They originally published payout dates of 9/9 but, 20 minutes later, changed them to 9/16."
"146","08/26/2024 10:00 AM","Champs","18X","09/16/2024","6X","120 | 240 | 360","Coins","","08/27/2024 11:59 PM","No Limit","WARNING:  In typical fashion, Pepper messed up the information when first published.  They originally published payout dates of 9/9 but, 20 minutes later, changed them to 9/16."
"147","08/26/2024 10:00 AM","Foot Locker","14X","09/16/2024","5X","100 | 180 | 280","Coins","","08/27/2024 11:59 PM","No Limit","WARNING:  In typical fashion, Pepper messed up the information when first published.  They originally published payout dates of 9/9 but, 20 minutes later, changed them to 9/16."
"148","08/26/2024 10:00 AM","Netflix","15X","09/16/2024","5X","100 | 200 | 300","Coins","","08/27/2024 11:59 PM","No Limit","WARNING:  In typical fashion, Pepper messed up the information when first published.  They originally published payout dates of 9/9 but, 20 minutes later, changed them to 9/16."
"149","08/26/2024 04:00 PM","Meijer","9X","09/16/2024","3X","60 | 120 | 180","Coins","","08/30/2024 11:59 PM","1 Time Use | $500 Max Spend",""
"150","08/27/2024 12:00 AM","Instacart","10%","","3X","54","%","","08/30/2024 11:59 PM","1 Time Use | $200 Max Spend","On 8/27 @ 4:30PM EDT, Pepper removed the limit for this offer."
"151","08/07/2024 12:00 AM","Instacart","10%","","3X","54","%","","08/09/2024 11:59 PM","1 Time Use | $250 Max Spend",""
"152","08/27/2024 05:00 PM","Amazon","10X","09/16/2024","4X","80 | 120 | 200","Coins","","08/27/2024 11:59 PM","No Limit",""
"155","08/28/2024 08:00 AM","Puma","20X","09/16/2024","8X","160 | 240 | 400","Coins","","08/30/2024 11:59 PM","No Limit",""
"156","08/28/2024 08:00 AM","Delta","14X","09/16/2024","4X","80 | 200 | 280","Coins","","08/30/2024 11:59 PM","No Limit",""
"157","08/28/2024 08:00 AM","AirBnB","14X","09/16/2024","4X","80 | 200 | 280","Coins","","08/30/2024 11:59 PM","No Limit",""
"158","08/28/2024 08:00 AM","Petco","20X","09/16/2024","8X","80 | 320 | 400","Coins","","08/30/2024 11:59 PM","No Limit",""
"159","08/28/2024 08:00 AM","Wayfair","14X","09/16/2024","4X","80 | 200 | 280","Coins","","08/30/2024 11:59 PM","No Limit",""
"160","08/28/2024 08:00 AM","Lowe's","14X","09/16/2024","4X","80 | 200 | 280","Coins","","08/30/2024 11:59 PM","No Limit",""
"161","08/28/2024 08:00 AM","Adidas","14X","09/16/2024","7X","140 | 140 | 280","Coins","","08/28/2024 03:30 PM","No Limit",""
"163","08/28/2024 03:30 PM","Macy's","18X","09/16/2024","3X","60 | 300 | 360","Coins","","08/29/2024 11:59 PM","No Limit","NOTE:  This deal originally ended at midnight  on 8/28 but was brought back on 8/29 so they simply changed the graphic to match the new end time."
"164","08/28/2024 03:30 PM","Adidas","18X","09/16/2024","7X","140 | 220 | 360","Coins","yes","08/30/2024 11:59 PM","No Limit","NOTE:  This deal was initially published in the morning at 14X.  At 3:30PM EDT, it was changed to 18X."
"165","08/28/2024 03:30 PM","Kohl's","18X","09/16/2024","5X","100 | 260 | 360","Coins","","08/28/2024 11:59 PM","No Limit",""
"166","08/29/2024 08:30 AM","Converse","15X","09/16/2024","5X","100 | 200 | 300","Coins","","08/29/2024 11:59 PM","No Limit",""
"167","08/29/2024 12:00 PM","Amazon Fresh","15X","09/16/2024","4X","80 | 220 | 300","Coins","","08/29/2024 11:59 PM","No Limit",""
"168","08/29/2024 12:00 PM","Sam's Club","10X","09/16/2024","2X","40 | 160 | 200","Coins","","08/29/2024 11:59 PM","No Limit",""
"169","08/29/2024 12:00 PM","Finish Line","15X","09/16/2024","8X","160 | 140 | 300","Coins","","08/29/2024 11:59 PM","No Limit",""
"170","08/29/2024 05:00 PM","Under Armour","20X","09/16/2024","8X","160 | 240 | 400","Coins","","08/29/2024 11:59 PM","No Limit",""
"172","08/30/2024 12:00 AM","Uber,Uber Eats","10%","","3X, 3X","54","%","","09/02/2024 11:59 AM","1 Time Use | $500 Max Spend",""
"176","08/30/2024 10:30 AM","Amazon","12X","09/16/2024","4X","80 | 160 | 240","Coins","","08/30/2024 11:59 PM","No Limit","NOTE:  The original graphic listed ""Finish Line"" as the vendor despite showing the Amazon graphic and being attached to the Amazon promo."
"178","08/30/2024 10:30 AM","Ulta Beauty","17.5X","09/16/2024","5X","100 | 250 | 350","Coins","","08/30/2024 11:59 PM","No Limit",""
"179","08/30/2024 10:30 AM","Ace Hardware","20X","09/16/2024","6X","120 | 280 | 400","Coins","","08/30/2024 11:59 PM","No Limit",""
"180","08/30/2024 04:30 PM","Southwest","20X","09/16/2024","4X","80 | 320 | 400","Coins","","08/30/2024 11:59 PM","No Limit",""
"181","08/30/2024 04:30 PM","Sephora","18X","09/16/2024","5X","100 | 260 | 360","Coins","","08/30/2024 11:59 PM","No Limit",""
"182","08/30/2024 08:30 AM","""Bed, Bath, & Beyond""","10X","09/16/2024","5X","100 | 100 | 200","Coins","","09/01/2024 11:59 PM","No Limit",""
"183","08/30/2024 08:30 AM","Champs","10X","09/16/2024","6X","120 | 80 | 200","Coins","","09/01/2024 11:59 PM","No Limit",""
"184","08/30/2024 08:30 AM","Groupon","15X","09/16/2024","5X","100 | 200 | 300","Coins","","09/01/2024 11:59 PM","No Limit",""
"185","08/30/2024 08:30 AM","JC Penney","17.5X","09/16/2024","7X","140 | 210 | 350","Coins","","09/01/2024 11:59 PM","No Limit",""
"186","08/30/2024 08:30 AM","CVS","20X","09/16/2024","3X","60 | 340 | 400","Coins","","09/01/2024 11:59 PM","No Limit",""
"187","08/30/2024 08:30 AM","REI","15X","09/16/2024","6X","120 | 180 | 300","Coins","","09/01/2024 11:59 PM","No Limit",""
"188","08/15/2024 09:00 AM","PetSmart","20X","08/31/2024","7X","140 | 260 | 400","Coins","","08/16/2024 11:59 PM","No Limit",""
"189","08/31/2024 03:30 PM","Hulu","20X","09/16/2024","5X","100 | 300 | 400","Coins","","09/01/2024 11:59 PM","No Limit",""
"190","08/31/2024 03:30 PM","Google Play","20X","09/16/2024","3X","60 | 340 | 400","Coins","","09/01/2024 11:59 PM","No Limit",""
"191","08/31/2024 03:30 PM","Netflix","20X","09/16/2024","5X","100 | 300 | 400","Coins","","09/01/2024 11:59 PM","No Limit",""
"192","08/31/2024 03:30 PM","Roblox","20X","09/16/2024","5X","100 | 300 | 400","Coins","","09/01/2024 11:59 PM","No Limit",""
"193","08/31/2024 03:30 PM","Gamestop","20X","09/16/2024","5X","100 | 300 | 400","Coins","","09/01/2024 11:59 PM","No Limit",""
"194","09/01/2024 02:30 PM","Sam's Club","10X","09/16/2024","2X","40 | 160 | 200","Coins","","09/01/2024 11:59 PM","No Limit",""
"195","09/01/2024 02:30 PM","""Bed, Bath, & Beyond""","15X","09/16/2024","5X","40 | 260 | 300","Coins","","09/01/2024 11:59 PM","No Limit","NOTE:  This was originally offered at 10X on 8/31 but, on 9/1, they quietly bumped it up to 15x."
"196","09/02/2024 09:30 AM","PetSmart","20X","09/23/2024","7X","140 | 260 | 400","Coins","","09/03/2024 11:59 PM","No Limit",""
"197","09/02/2024 09:30 AM","Foot Locker","18X","09/23/2024","5X","100 | 260 | 360","Coins","","09/03/2024 11:59 PM","No Limit",""
"198","09/02/2024 09:30 AM","Belk","23X","09/23/2024","8X","160 | 300 | 460","Coins","","09/03/2024 11:59 PM","No Limit",""
"199","09/02/2024 09:30 AM","Chipotle","23X","09/23/2024","2X","40 | 420 | 460","Coins","","09/03/2024 11:59 PM","No Limit",""
"202","09/02/2024 09:30 AM","Victoria's Secret","23X","09/23/2024","4X","80 | 380 | 460","Coins","","09/03/2024 11:59 PM","No Limit",""
"203","09/02/2024 09:30 AM","Nike","15X","09/23/2024","7X","140 | 160 | 300","Coins","","09/03/2024 11:59 PM","No Limit",""
"204","09/02/2024 09:30 AM","Puma","23X","09/23/2024","8X","160 | 300 | 460","Coins","","09/03/2024 11:59 PM","No Limit",""
"205","09/02/2024 09:30 AM","Champs","18X","09/23/2024","6X","120 | 240 | 360","Coins","","09/03/2024 11:59 PM","No Limit",""
"206","09/03/2024 10:00 AM","Amazon","10X","09/23/2024","4X","80 | 120 | 200","Coins","","09/03/2024 11:59 PM","No Limit",""
"207","09/03/2024 04:45 PM","Finish Line","20X","09/23/2024","8X","160 | 240 | 400","Coins","","09/03/2024 11:59 PM","No Limit",""
"208","09/03/2024 04:45 PM","Netflix","15X","09/23/2024","5X","100 | 200 | 300","Coins","","09/03/2024 11:59 PM","No Limit",""
"209","09/03/2024 04:45 PM","Sam's Club","10X","09/23/2024","2X","40 | 160 | 200","Coins","","09/03/2024 11:59 PM","No Limit",""
"210","09/04/2024 08:30 AM","Southwest","12X","09/23/2024","4X","80 | 160 | 240","Coins","","09/06/2024 11:59 PM","No Limit",""
"211","09/04/2024 08:30 AM","Wayfair","10X","09/23/2024","4X","80 | 120 | 200","Coins","","09/06/2024 11:59 PM","No Limit",""
"212","09/04/2024 08:30 AM","Petco","20X","09/23/2024","8X","160 | 240 | 400","Coins","","09/06/2024 11:59 PM","No Limit",""
"213","09/04/2024 08:30 AM","Adidas","14X","09/23/2024","7X","140 | 140 | 280","Coins","","09/06/2024 11:59 PM","No Limit","WARNING: This was later boosted to 18X in the afternoon but the graphic still shows the early morning start time."
"214","09/04/2024 08:30 AM","Meijer","9X","09/23/2024","3X","60 | 120 | 180","Coins","","09/06/2024 11:59 PM","No Limit",""
"215","09/04/2024 03:45 PM","Amazon","10X","09/23/2024","4X","80 | 120 | 200","Coins","","09/04/2024 11:59 PM","No Limit",""
"216","09/04/2024 08:30 PM","Sam's Club","10X","09/23/2024","2X","40 | 160 | 200","Coins","","09/04/2024 11:59 PM","No Limit",""
"217","09/05/2024 07:30 AM","AirBnB","14X","09/23/2024","4X","80 | 200 | 280","Coins","","09/05/2024 11:59 PM","No Limit",""
"218","09/05/2024 07:30 AM","Bath & Body Works","20X","09/23/2024","5X","100 | 300 | 400","Coins","","09/05/2024 11:59 PM","No Limit",""
"219","09/05/2024 07:30 AM","Macy's","18X","09/23/2024","3X","60 | 300 | 360","Coins","","09/05/2024 11:59 PM","No Limit",""
"221","09/05/2024 08:30 AM","Wayfair","15X","09/23/2024","4X","80 | 220 | 300","Coins","","09/06/2024 11:59 PM","No Limit","WARNING: This was originally listed at 10X at 7:30 but later changed to 15X."
"222","09/05/2024 01:30 PM","Sam's Club","10X","09/23/2024","2X","40 | 160 | 200","Coins","","09/06/2024 11:59 PM","No Limit",""
"223","09/06/2024 12:00 AM","Doordash","10%","","3X","54","%","","09/10/2024 11:59 PM","1 Time Use | $400 Max Spend",""
"224","09/06/2024 08:00 AM","Ulta Beauty","21X","09/23/2024","5X","100 | 320 | 420","Coins","","09/06/2024 11:59 PM","No Limit",""
"225","09/06/2024 08:00 AM","Sephora","21X","09/23/2024","5X","100 | 320 | 420","Coins","","09/06/2024 11:59 PM","No Limit",""
"226","09/06/2024 08:00 AM","Amazon Fresh","10X","09/23/2024","4X","80 | 120 | 200","Coins","","09/06/2024 11:59 PM","No Limit",""
"227","09/06/2024 08:00 AM","Ace Hardware","21X","09/23/2024","6X","120 | 300 | 420","Coins","","09/06/2024 11:59 PM","No Limit",""
"228","09/06/2024 08:00 AM","Southwest","20X","09/23/2024","4X","80 | 320 | 400","Coins","","09/06/2024 11:59 PM","No Limit","NOTE:  This was bumped up to 20X on 9/6/24 from the previous rate of 12X that was supposed to end 9/6 as well."
"229","09/07/2024 07:30 AM","Kohl's","15X","09/23/2024","5X","100 | 200 | 300","Coins","","09/08/2024 11:59 PM","No Limit",""
"230","09/07/2024 07:30 AM","CVS","20X","09/23/2024","3X","60 | 340 | 400","Coins","","09/08/2024 11:59 PM","No Limit",""
"231","09/07/2024 07:30 AM","JC Penney","17.5X","09/23/2024","7X","140 | 210 | 350","Coins","","09/08/2024 11:59 PM","No Limit",""
"232","09/07/2024 07:30 AM","""Bed, Bath, & Beyond""","15X","09/23/2024","5X","100 | 200 | 300","Coins","","09/08/2024 11:59 PM","No Limit",""
"233","09/07/2024 07:30 AM","Champs","15X","09/23/2024","6X","120 | 180 | 300","Coins","","09/08/2024 11:59 PM","No Limit",""
"234","09/07/2024 07:30 AM","Groupon","15X","09/23/2024","5X","120 | 180 | 300","Coins","","09/08/2024 11:59 PM","No Limit",""
"235","09/07/2024 07:30 AM","Finish Line","20X","09/23/2024","8X","120 | 280 | 400","Coins","","09/08/2024 11:59 PM","No Limit",""
"236","09/07/2024 07:30 AM","Old Navy","25X","09/23/2024","5X","100 | 400 | 500","Coins","","09/08/2024 11:59 PM","No Limit","NOTE:  This was published later in the morning."
"237","09/07/2024 03:00 PM","Sam's Club","12X","09/23/2024","2X","40 | 200 | 240","Coins","","09/08/2024 11:59 PM","No Limit",""
"239","09/07/2024 07:30 AM","JC Penney","19X","09/23/2024","7X","140 | 240 | 380","Coins","yes","09/08/2024 11:59 PM","No Limit","NOTE:  JCP was bumped up rom 17.5 to 19 later in the afternoon."
"240","09/07/2024 07:30 AM","Kohl's","18X","09/23/2024","5X","100 | 260 | 360","Coins","yes","09/08/2024 11:59 PM","No Limit","NOTE:  Kohl's was bumped up from 15X to 18X later in the afternoon."
"241","09/07/2024 07:30 AM","Champs","18X","09/23/2024","6X","120 | 240 | 360","Coins","yes","09/08/2024 11:59 PM","No Limit",""
"242","09/08/2024 08:30 AM","Bath","20X","09/23/2024","5X","100 | 300 | 400","Coins","","09/08/2024 11:59 PM","No Limit",""
"243","09/08/2024 08:30 AM","Fanatics","23X","09/23/2024","7X","140 | 320 | 460","Coins","","09/08/2024 11:59 PM","No Limit",""
"244","09/08/2024 08:30 AM","Adidas","18X","09/23/2024","7X","140 | 220 | 360","Coins","","09/08/2024 11:59 PM","No Limit",""
"245","09/07/2024 03:00 PM","Nike","15X","09/23/2024","7X","140 | 160 | 300","Coins","","09/08/2024 11:59 PM","No Limit",""
"246","09/09/2024 09:00 AM","Columbia","18X","10/01/2024","6X","120 | 240 | 360","Coins","","09/10/2024 11:59 PM","No Limit",""
"247","09/09/2024 09:00 AM","Netflix","15X","10/01/2024","5X","100 | 200 | 300","Coins","","09/10/2024 11:59 PM","No Limit",""
"248","09/09/2024 09:00 AM","Converse","15X","10/01/2024","5X","100 | 200 | 300","Coins","","09/10/2024 11:59 PM","No Limit",""
"249","09/09/2024 09:00 AM","AirBnB","14X","10/01/2024","4X","80 | 200 | 280","Coins","","09/10/2024 11:59 PM","No Limit",""
"250","09/09/2024 09:00 AM","Lowe's","14X","10/01/2024","4X","80 | 200 | 280","Coins","","09/10/2024 11:59 PM","No Limit",""
"252","09/10/2024 09:00 AM","Victoria's Secret","20X","10/01/2024","4X","80 | 320 | 400","Coins","","09/10/2024 11:59 PM","No Limit",""
"253","09/10/2024 09:00 AM","Belk","20X","10/01/2024","8X","160 | 240 | 400","Coins","","09/10/2024 11:59 PM","No Limit",""
"255","09/10/2024 09:00 AM","Abercrombie & Fitch","20X","10/01/2024","6X","120 | 280 | 400","Coins","","09/10/2024 11:59 PM","No Limit",""
"256","09/10/2024 09:00 AM","Hollister","20X","10/01/2024","5X","100 | 300 | 400","Coins","","09/10/2024 11:59 PM","No Limit",""
"257","09/10/2024 09:00 AM","Grubhub","20X","10/01/2024","3X","60 | 340 | 400","Coins","","09/10/2024 11:59 PM","No Limit",""
"258","09/10/2024 08:30 PM","Sam's Club","12X","10/01/2024","2X","40 | 200 | 240","Coins","","09/10/2024 11:59 PM","No Limit",""
"259","09/11/2024 08:30 AM","Tilly's","20X","10/01/2024","5X","100 | 300 | 400","Coins","","09/11/2024 11:59 PM","No Limit",""
"260","09/11/2024 08:30 AM","PetSmart","20X","10/01/2024","7X","140 | 260 | 400","Coins","","09/11/2024 11:59 PM","No Limit",""
"261","09/11/2024 08:30 AM","Finish Line","20X","10/01/2024","8X","160 | 240 | 400","Coins","","09/11/2024 11:59 PM","No Limit",""
"262","09/11/2024 08:30 AM","Amazon Fresh","12X","10/01/2024","4X","80 | 160 | 240","Coins","","09/11/2024 11:59 PM","No Limit",""
"263","09/11/2024 08:30 AM","Amazon","12X","10/01/2024","4X","80 | 160 | 240","Coins","","09/11/2024 11:59 PM","No Limit",""
"264","09/11/2024 08:30 AM","Sling","20X","10/01/2024","5X","100 | 300 | 400","Coins","","09/11/2024 11:59 PM","No Limit",""
"265","09/11/2024 08:30 AM","Nautica","20X","10/01/2024","6X","120 | 280 | 400","Coins","","09/11/2024 11:59 PM","No Limit",""
"266","09/11/2024 04:00 PM","Bath & Body Works","20X","10/01/2024","5X","100 | 300 | 400","Coins","","09/11/2024 08:00 PM","No Limit",""
"267","09/12/2024 08:30 AM","Foot Locker","18X","10/01/2024","5X","100 | 260 | 360","Coins","","09/12/2024 11:59 PM","No Limit",""
"268","09/12/2024 08:30 AM","Nike","15X","10/01/2024","7X","140 | 160 | 300","Coins","","09/12/2024 11:59 PM","No Limit",""
"269","09/13/2024 12:00 AM","Doordash","10%","","3X","54","%","","09/15/2024 11:59 PM","1 Time Use | $400 Max Spend",""
"270","09/13/2024 09:00 AM","Boscov's","18X","10/01/2024","7X","140 | 220 | 360","Coins","","09/13/2024 11:59 PM","No Limit",""
"271","09/13/2024 09:00 AM","Sling","20X","10/01/2024","5X","100 | 300 | 400","Coins","","09/13/2024 11:59 PM","No Limit",""
"272","09/13/2024 09:00 AM","Hulu","20X","10/01/2024","5X","100 | 300 | 400","Coins","","09/13/2024 11:59 PM","No Limit",""
"273","09/13/2024 09:00 AM","Netflix","20X","10/01/2024","5X","100 | 300 | 400","Coins","","09/13/2024 11:59 PM","No Limit",""
"274","09/13/2024 09:00 AM","Google Play","20X","10/01/2024","3X","60 | 340 | 400","Coins","","09/13/2024 11:59 PM","No Limit",""
"275","09/14/2024 07:30 AM","Champs","18X","10/01/2024","6X","120 | 240 | 360","Coins","","09/14/2024 11:59 PM","No Limit",""
"276","09/14/2024 07:30 AM","Sam's Club","12X","10/01/2024","2X","40 | 200 | 240","Coins","","09/14/2024 11:59 PM","No Limit",""
"277","09/14/2024 07:30 AM","Kohl's","18X","10/01/2024","5X","100 | 260 | 360","Coins","","09/14/2024 11:59 PM","No Limit",""
"278","09/14/2024 07:30 AM","Macy's","18X","10/01/2024","3X","60 | 300 | 360","Coins","","09/14/2024 11:59 PM","No Limit",""
"279","09/14/2024 07:30 AM","Ikea","18X","10/01/2024","4X","80 | 280 | 360","Coins","","09/14/2024 11:59 PM","No Limit",""
"281","09/15/2024 08:30 AM","Wayfair","15X","10/01/2024","4X","80 | 220 | 300","Coins","","09/15/2024 11:59 PM","No Limit",""
"283","09/15/2024 08:30 AM","Amazon Fresh","12X","10/01/2024","4X","80 | 160 | 240","Coins","","09/15/2024 11:59 PM","No Limit",""
"284","09/15/2024 08:30 AM","Foot Locker","18X","10/01/2024","5X","100 | 260 | 360","Coins","","09/15/2024 11:59 PM","No Limit",""
"285","09/15/2024 08:30 AM","Converse","15X","10/01/2024","5X","100 | 200 | 300","Coins","","09/15/2024 11:59 PM","No Limit",""
"286","09/15/2024 08:30 AM","Joann","18X","10/01/2024","7X","140 | 220 | 360","Coins","","09/15/2024 11:59 PM","No Limit",""
"287","09/16/2024 06:30 AM","Adidas","18X","10/07/2024","7X","140 | 220 | 360","Coins","","09/16/2024 11:59 PM","No Limit",""
"288","09/16/2024 06:30 AM","Lowe's","14X","10/07/2024","4X","80 | 200 | 280","Coins","","09/16/2024 11:59 PM","No Limit",""
"289","09/16/2024 06:30 AM","Sephora","20X","10/07/2024","5X","100 | 300 | 400","Coins","","09/16/2024 11:59 PM","No Limit",""
"290","09/16/2024 06:30 AM","AirBnB","14X","10/07/2024","4X","80 | 200 | 280","Coins","","09/16/2024 11:59 PM","No Limit",""
"291","09/16/2024 06:30 AM","Ulta Beauty","20X","10/07/2024","5X","100 | 300 | 400","Coins","","09/16/2024 11:59 PM","No Limit",""
"292","09/16/2024 06:30 AM","Columbia","18X","10/07/2024","6X","120 | 240 | 360","Coins","","09/16/2024 11:59 PM","No Limit",""
"294","09/17/2024 06:30 AM","Bath & Body Works","20X","10/07/2024","5X","100 | 300 | 400","Coins","","09/17/2024 11:59 PM","No Limit",""
"295","09/17/2024 06:30 AM","Amazon","12X","10/07/2024","4X","80 | 160 | 240","Coins","","09/17/2024 11:59 PM","No Limit",""
"296","09/17/2024 06:30 AM","Chipotle","20X","10/07/2024","2X","40 | 360 | 400","Coins","","09/17/2024 11:59 PM","No Limit",""
"297","09/17/2024 06:30 AM","Victoria's Secret","20X","10/07/2024","4X","80 | 320 | 400","Coins","","09/17/2024 11:59 PM","No Limit",""
"298","09/17/2024 06:30 AM","Gamestop","20X","10/07/2024","5X","100 | 300 | 400","Coins","","09/17/2024 11:59 PM","No Limit",""
"299","09/17/2024 06:30 AM","Netflix","20X","10/07/2024","5X","100 | 300 | 400","Coins","","09/17/2024 11:59 PM","No Limit",""
"302","09/18/2024 06:30 AM","Sam's Club","12X","10/07/2024","2X","40 | 200 | 240","Coins","","09/18/2024 11:59 PM","No Limit","WARNING:  Although this was posted on the morning of 9/18, the graphic shows 9/17.  This is probably the typical Pepper ""We don't pay attention to details"" screw up,"" but purchase at your own risk. Update:  Fixed around 9:15-9:25 AM EDT."
"303","09/18/2024 06:30 AM","Finish Line","20X","10/07/2024","8X","160 | 240 | 400","Coins","","09/18/2024 11:59 PM","No Limit",""
"304","09/18/2024 06:30 AM","Macy's","20X","10/07/2024","3X","60 | 340 | 400","Coins","","09/18/2024 11:59 PM","No Limit",""
"305","09/18/2024 06:30 AM","Nike","15X","10/07/2024","7X","140 | 160 | 300","Coins","","09/18/2024 11:59 PM","No Limit",""
"306","09/18/2024 06:30 AM","Cabela's","20X","10/07/2024","6X","120 | 280 | 400","Coins","","09/18/2024 11:59 PM","No Limit",""
"307","09/18/2024 06:30 AM","Bass Pro Shops","20X","10/07/2024","6X","120 | 280 | 400","Coins","","09/18/2024 11:59 PM","No Limit",""
"308","09/18/2024 01:30 PM","Kid's Foot Locker","18X","10/07/2024","5X","100 | 260 | 360","Coins","","09/18/2024 11:59 PM","No Limit",""
"311","09/19/2024 08:00 AM","""Bed, Bath, & Beyond""","20X","10/07/2024","5X","100 | 300 | 400","Coins","","09/19/2024 11:59 PM","No Limit",""
"314","09/19/2024 08:00 AM","Hopper","15X","10/07/2024","3X","60 | 240 | 300","Coins","","09/19/2024 11:59 PM","No Limit",""
"315","09/19/2024 08:00 AM","X-Box","20X","10/07/2024","5X","100 | 300 | 400","Coins","","09/19/2024 11:59 PM","No Limit",""
"316","09/19/2024 08:00 AM","Hotels.Com","15X","10/07/2024","5X","100 | 200 | 300","Coins","","09/19/2024 11:59 PM","No Limit",""
"317","09/19/2024 08:00 AM","Tilly's","20X","10/07/2024","5X","100 | 300 | 400","Coins","","09/19/2024 11:59 PM","No Limit",""
"318","09/19/2024 08:00 AM","Southwest","20X","10/07/2024","4X","80 | 320 | 400","Coins","","09/19/2024 11:59 PM","No Limit",""
"319","09/19/2024 08:00 AM","Roblox","20X","10/07/2024","5X","100 | 300 | 400","Coins","","09/19/2024 11:59 PM","No Limit",""
"320","09/20/2024 08:30 AM","Meijer","9X","10/11/2024","3X","60 | 120 | 180","Coins","","09/30/2024 11:59 PM","1 Time Use | $500 Max Spend || Extended to 09/30 on 09/24.",""
"321","09/20/2024 07:45 AM","Amazon Fresh","12X","10/07/2024","4X","80 | 160 | 240","Coins","","09/20/2024 11:59 PM","No Limit",""
"322","09/20/2024 12:00 AM","Doordash","10%","","3X","54","%","","09/22/2024 11:59 PM","1 Time Use | $400 Max Spend",""
"324","09/20/2024 09:45 AM","Converse","15X","10/07/2024","5X","100 | 200 | 300","Coins","","09/20/2024 11:59 PM","No Limit",""
"325","09/20/2024 08:00 AM","Belk","20X","10/07/2024","8X","160 | 240 | 400","Coins","","09/20/2024 11:59 PM","No Limit",""
"326","09/20/2024 07:45 AM","Kohl's","18X","10/07/2024","5X","100 | 260 | 360","Coins","","09/20/2024 11:59 PM","No Limit",""
"327","09/20/2024 12:30 PM","Ikea","18X","10/07/2024","4X","80 | 280 | 360","Coins","","09/20/2024 11:59 PM","No Limit",""
"329","09/21/2024 09:15 AM","Sam's Club","12X","10/07/2024","2X","40 | 200 | 240","Coins","","09/21/2024 11:59 PM","No Limit",""
"330","09/21/2024 09:15 AM","Macy's","18X","10/07/2024","3X","60 | 300 | 360","Coins","","09/22/2024 11:59 PM","Note:  This was originally supposed to end on 9/21 but, either they screwed up the original message, or they extended it until 9/22.",""
"331","09/21/2024 09:15 AM","Wayfair","15X","10/07/2024","4X","80 | 220 | 300","Coins","","09/21/2024 11:59 PM","No Limit",""
"333","09/21/2024 09:15 AM","AirBnB","14X","10/07/2024","4X","80 | 200 | 280","Coins","","09/21/2024 11:59 PM","No Limit",""
"334","09/21/2024 03:45 PM","Champs","18X","10/07/2024","6X","120 | 240 | 360","Coins","","09/22/2024 11:59 PM","No Limit",""
"335","09/22/2024 08:00 AM","Lowe's","14X","10/07/2024","4X","80 | 200 | 280","Coins","","09/22/2024 11:59 PM","No Limit",""
"336","09/22/2024 08:00 AM","Amazon","12X","10/07/2024","4X","80 | 160 | 240","Coins","","09/22/2024 11:59 PM","No Limit",""
"337","09/22/2024 08:00 AM","Nike","15X","10/07/2024","7X","140 | 160 | 300","Coins","","09/22/2024 11:59 PM","No Limit",""
"338","09/22/2024 08:00 AM","Sephora","20X","10/07/2024","5X","100 | 300 | 400","Coins","","09/22/2024 11:59 PM","No Limit",""
"339","09/22/2024 06:00 PM","Adidas","18X","10/07/2024","7X","140 | 220 | 360","Coins","","09/22/2024 11:59 PM","No Limit",""
"340","09/23/2024 08:00 AM","PetSmart","20X","10/11/2024","7X","140 | 260 | 400","Coins","","09/23/2024 11:59 PM","No Limit",""
"341","09/23/2024 08:00 AM","Finish Line","20X","10/11/2024","8X","160 | 240 | 400","Coins","","09/23/2024 11:59 PM","No Limit",""
"342","09/23/2024 08:00 AM","Amazon Fresh","12X","10/11/2024","4X","80 | 160 | 240","Coins","","09/23/2024 11:59 PM","No Limit",""
"343","09/23/2024 08:00 AM","Bath","20X","10/11/2024","5X","100 | 300 | 400","Coins","","09/23/2024 11:59 PM","No Limit",""
"344","09/23/2024 08:00 AM","Victoria's Secret","20X","10/11/2024","4X","80 | 320 | 400","Coins","","09/23/2024 11:59 PM","No Limit",""
"345","09/23/2024 08:00 AM","Bath & Body Works","20X","10/11/2024","5X","100 | 300 | 400","Coins","","09/23/2024 11:59 PM","No Limit",""
"347","09/24/2024 08:00 AM","Kohl's","18X","10/12/2024","5X","100 | 260 | 360","Coins","","09/24/2024 11:59 PM","No Limit",""
"348","09/24/2024 08:00 AM","Sam's Club","12X","10/12/2024","2X","40 | 200 | 240","Coins","","09/24/2024 11:59 PM","No Limit",""
"349","09/24/2024 08:00 AM","Nike","15X","10/12/2024","7X","140 | 160 | 300","Coins","","09/24/2024 11:59 PM","No Limit",""
"351","09/24/2024 08:00 AM","Netflix","20X","10/12/2024","5X","100 | 300 | 400","Coins","","09/24/2024 11:59 PM","No Limit",""
"352","09/24/2024 08:00 AM","Sam's Club","12X","10/12/2024","2X","40 | 200 | 240","Coins","","09/24/2024 11:59 PM","No Limit",""
"353","09/25/2024 06:00 AM","Ulta Beauty","20X","10/13/2024","5X","100 | 300 | 400","Coins","","09/25/2024 11:59 PM","No Limit",""
"354","09/25/2024 06:00 AM","Adidas","18X","10/13/2024","7X","140 | 220 | 360","Coins","","09/25/2024 11:59 PM","No Limit",""
"355","09/25/2024 06:00 AM","AirBnB","14X","10/13/2024","4X","80 | 200 | 280","Coins","","09/25/2024 11:59 PM","No Limit",""
"356","09/25/2024 08:00 AM","Amazon","12X","10/13/2024","4X","80 | 160 | 240","Coins","","09/25/2024 11:59 PM","No Limit",""
"357","09/25/2024 08:00 AM","REI","18X","10/13/2024","6X","120 | 240 | 360","Coins","","09/25/2024 11:59 PM","No Limit",""
"360","09/26/2024 06:30 AM","Macy's","20X","10/14/2024","3X","60 | 340 | 400","Coins","","09/26/2024 11:59 PM","No Limit",""
"361","09/26/2024 06:30 AM","Google Play","20X","10/14/2024","3X","60 | 340 | 400","Coins","","09/26/2024 11:59 PM","No Limit",""
"362","09/26/2024 06:30 AM","Champs","18X","10/14/2024","6X","120 | 240 | 360","Coins","","09/26/2024 11:59 PM","No Limit",""
"363","09/26/2024 06:30 AM","Boscov's","18X","10/14/2024","7X","140 | 220 | 360","Coins","","09/26/2024 11:59 PM","No Limit",""
"364","09/26/2024 12:00 AM","Instacart","20%","","3X","48","%","","09/26/2024 11:59 PM","$200 Max Spend",""
"365","09/27/2024 06:30 AM","Converse","15X","10/15/2024","5X","100 | 200 | 300","Coins","","09/27/2024 11:59 PM","No Limit",""
"366","09/27/2024 06:30 AM","Lowe's","14X","10/15/2024","4X","80 | 200 | 280","Coins","","09/27/2024 11:59 PM","No Limit",""
"367","09/27/2024 06:30 AM","Sam's Club","12X","10/15/2024","2X","40 | 200 | 240","Coins","","09/27/2024 11:59 PM","No Limit",""
"368","09/27/2024 06:30 AM","Wayfair","15x","10/15/2024","4X","80 | 220 | 300","Coins","","09/27/2024 11:59 PM","No Limit",""
"370","09/28/2024 08:00 AM","Amazon Fresh","12X","10/16/2024","4X","80 | 160 | 240","Coins","","09/28/2024 11:59 PM","No Limit",""
"371","09/28/2024 08:00 AM","Finish Line","20X","10/16/2024","8X","160 | 240 | 400","Coins","","09/28/2024 11:59 PM","No Limit",""
"372","09/28/2024 08:00 AM","Hollister","20X","10/16/2024","5X","100 | 300 | 400","Coins","","09/28/2024 11:59 PM","No Limit",""
"373","09/28/2024 08:00 AM","Victoria's Secret","20X","10/16/2024","4X","80 | 320 | 400","Coins","","09/28/2024 11:59 PM","No Limit",""
"377","09/28/2024 08:00 AM","Meijer","9X","10/11/2024","3X","60 | 120 | 180","Coins","","09/30/2024 11:59 PM","Even though this deal was already live when posting this, they changed it on 09/28 to remove the $500/1-Time restriction.  The end date and time remains the same.",""
"378","09/29/2024 08:30 AM","Abercrombie & Fitch","20X","10/17/2024","6X","120 | 280 | 400","Coins","","09/29/2024 11:59 PM","No Limit",""
"379","09/29/2024 08:30 AM","DSW","20X","10/17/2024","5X","100 | 300 | 400","Coins","","09/29/2024 11:59 PM","No Limit",""
"380","09/29/2024 08:30 AM","JC Penney","20X","10/17/2024","7X","140 | 260 | 400","Coins","","09/29/2024 11:59 PM","No Limit",""
"381","09/29/2024 08:30 AM","Puma","20X","10/17/2024","8X","160 | 240 | 400","Coins","","09/29/2024 11:59 PM","No Limit",""
"382","09/29/2024 08:30 AM","Grubhub","20X","10/17/2024","3X","60 | 340 | 400","Coins","","09/29/2024 11:59 PM","No Limit",""
"383","09/30/2024 12:00 AM","Ikea","18X","10/18/2024","4X","80 | 280 | 360","Coins","","09/30/2024 11:59 PM","No Limit",""
"384","09/30/2024 12:00 AM","Kohl's","18X","10/18/2024","5X","100 | 260 | 360","Coins","","09/30/2024 11:59 PM","No Limit",""
"386","09/30/2024 10:00 AM","Bath & Body Works","20X","10/18/2024","5X","100 | 300 | 400","Coins","","09/30/2024 11:59 PM","No Limit",""
"388","09/30/2024 10:30 AM","Amazon","12X","10/18/2024","4X","80 | 160 | 240","Coins","","09/30/2024 11:59 PM","No Limit",""
"389","09/30/2024 02:30 PM","Columbia","18X","10/18/2024","6X","120 | 240 | 360","Coins","","09/30/2024 11:59 PM","No Limit",""
"391","10/01/2024 07:30 AM","Sam's Club","12X","10/19/2024","2X","40 | 200 | 240","Coins","","10/01/2024 11:59 PM","No Limit",""
"392","10/01/2024 06:00 AM","Adidas","18X","10/19/2024","7X","140 | 220 | 360","Coins","","10/01/2024 11:59 PM","No Limit",""
"394","10/01/2024 08:00 AM","Lowe's","18X","10/19/2024","4X","80 | 280 | 360","Coins","","10/01/2024 11:59 PM","No Limit",""
"395","10/01/2024 01:00 PM","Southwest","20X","10/19/2024","4X","80 | 320 | 400","Coins","","10/01/2024 11:59 PM","No Limit",""
"396","10/01/2024 01:00 PM","AirBnB","14X","10/19/2024","4X","80 | 200 | 280","Coins","","10/01/2024 11:59 PM","No Limit",""
"397","10/01/2024 08:00 PM","Champs","18X","10/19/2024","6X","120 | 240 | 360","Coins","","10/01/2024 11:59 PM","No Limit",""
"398","10/01/2024 08:00 PM","Macy's","20X","10/19/2024","3X","60 | 340 | 400","Coins","","10/01/2024 11:59 PM","No Limit",""
"399","10/01/2024 08:00 PM","Ace Hardware","21X","10/19/2024","6X","120 | 300 | 420","Coins","","10/01/2024 11:59 PM","No Limit",""
"401","10/02/2024 02:00 PM","Amazon Fresh","12X","10/20/2024","4X","80 | 160 | 240","Coins","","10/02/2024 11:59 PM","No Limit",""
"402","10/02/2024 06:30 AM","Lowe's","14X","10/20/2024","4X","80 | 200 | 280","Coins","","10/02/2024 11:59 PM","No Limit",""
"403","10/02/2024 06:30 AM","Macy's","20X","10/20/2024","3X","60 | 340 | 400","Coins","","10/02/2024 11:59 PM","No Limit",""
"404","10/02/2024 06:30 AM","Champs","18X","10/20/2024","6X","120 | 240 | 360","Coins","","10/02/2024 11:59 PM","No Limit",""
"405","10/02/2024 06:30 AM","Ulta Beauty","20X","10/20/2024","5X","100 | 300 | 400","Coins","","10/02/2024 11:59 PM","No Limit",""
"406","10/02/2024 10:00 AM","Gamestop","22X","10/20/2024","5X","100 | 340 | 440","Coins","","10/02/2024 11:59 PM","No Limit",""
"407","10/02/2024 08:30 AM","REI","18X","10/20/2024","6X","120 | 240 | 360","Coins","","10/02/2024 11:59 PM","No Limit",""
"408","10/02/2024 10:00 AM","Sam's Club","14X","10/20/2024","2X","40 | 240 | 280","Coins","","10/02/2024 11:59 PM","No Limit",""
"410","10/02/2024 04:00 AM","Amazon Fresh","14X","10/20/2024","4X","80 | 200 | 280","Coins","yes","10/02/2024 11:59 PM","No Limit",""
"411","10/02/2024 06:30 PM","Fanatics","25X","10/20/2024","7X","140 | 360 | 500","Coins","","10/02/2024 11:59 PM","No Limit",""
"412","10/03/2024 07:00 AM","Wayfair","16X","10/21/2024","4X","80 | 240 | 320","Coins","","10/03/2024 11:59 PM","No Limit",""
"413","10/03/2024 07:00 AM","Barnes & Noble","22X","10/21/2024","4X","80 | 360 | 440","Coins","","10/03/2024 11:59 PM","No Limit",""
"414","10/03/2024 07:00 AM","Cabela's","20X","10/21/2024","6X","120 | 280 | 400","Coins","","10/03/2024 11:59 PM","No Limit",""
"415","10/03/2024 07:00 AM","Sephora","20X","10/21/2024","5X","100 | 300 | 400","Coins","","10/03/2024 11:59 PM","No Limit",""
"416","10/03/2024 07:00 AM","Netflix","20X","10/21/2024","5X","100 | 300 | 400","Coins","","10/03/2024 11:59 PM","No Limit",""
"418","10/03/2024 09:30 AM","PetSmart","20X","10/21/2024","7X","140 | 260 | 400","Coins","","10/03/2024 11:59 PM","No Limit",""
"419","10/04/2024 07:00 AM","Kohl's","10%","","5X","90","%","","10/06/2024 11:59 PM","1 Time Use | $200 Max Spend",""
"426","10/04/2024 07:00 AM","Stubhub","20X","10/22/2024","5X","100 | 300 | 400","Coins","","10/04/2024 11:59 PM","No Limit",""
"427","10/04/2024 07:00 AM","Finish Line","20X","10/22/2024","8X","160 | 240 | 400","Coins","","10/04/2024 11:59 PM","No Limit",""
"428","10/04/2024 07:00 AM","Amazon","12X","10/22/2024","4X","80 | 160 | 240","Coins","","10/04/2024 11:59 PM","No Limit",""
"429","10/04/2024 02:30 PM","JC Penney","22X","10/22/2024","7X","140 | 300 | 440","Coins","","10/04/2024 11:59 PM","No Limit",""
"430","10/05/2024 10:30 AM","Boscov's","18X","10/20/2024","7X","140 | 220 | 360","Coins","","10/05/2024 11:59 PM","No Limit",""
"431","10/05/2024 10:30 AM","Macy's","20X","10/23/2024","3X","60 | 340 | 400","Coins","","10/05/2024 11:59 PM","No Limit",""
"432","10/05/2024 10:30 AM","CVS","20X","10/23/2024","3X","60 | 340 | 400","Coins","","10/05/2024 11:59 PM","No Limit",""
"433","10/06/2024 10:00 AM","Lowe's","14X","10/24/2024","4X","80 | 200 | 280","Coins","","10/06/2024 11:59 PM","No Limit",""
"434","10/06/2024 10:00 AM","Bath & Body Works","20X","10/24/2024","5X","100 | 300 | 400","Coins","","10/06/2024 11:59 PM","No Limit",""
"435","10/06/2024 10:00 AM","Champs","18X","10/24/2024","6X","120 | 240 | 360","Coins","","10/06/2024 11:59 PM","No Limit",""
"436","10/07/2024 11:00 AM","Sam's Club","10X","10/25/2024","2X","40 | 160 | 200","Coins","","10/07/2024 11:59 PM","No Limit",""
"437","10/07/2024 11:00 AM","Ikea","18X","10/25/2024","4X","80 | 280 | 360","Coins","","10/07/2024 11:59 PM","No Limit",""
"438","10/07/2024 11:00 AM","Adidas","18X","10/25/2024","7X","140 | 220 | 360","Coins","","10/07/2024 11:59 PM","No Limit",""
"439","10/07/2024 07:00 PM","Fanatics","25X","10/25/2024","7X","140 | 360 | 500","Coins","","10/07/2024 11:59 PM","No Limit",""
"441","10/08/2024 08:00 AM","AirBnB","14X","10/26/2024","4X","80 | 200 | 280","Coins","","10/08/2024 11:59 PM","No Limit",""
"442","10/08/2024 08:00 AM","Bath & Body Works","20X","10/26/2024","5X","100 | 300 | 400","Coins","","10/08/2024 11:59 PM","No Limit",""
"443","10/08/2024 08:00 AM","Google Play","20X","10/26/2024","3X","60 | 340 | 400","Coins","","10/08/2024 11:59 PM","No Limit",""
"446","10/09/2024 10:00 AM","Sephora","20X","10/27/2024","5X","100 | 300 | 400","Coins","","10/09/2024 11:59 PM","No Limit",""
"448","10/09/2024 07:00 AM","Champs","18X","10/26/2024","6X","120 | 240 | 360","Coins","","10/09/2024 11:59 PM","No Limit",""
"449","10/09/2024 07:00 AM","Southwest","20X","10/27/2024","4X","80 | 320 | 400","Coins","","10/09/2024 11:59 PM","No Limit",""
"450","10/09/2024 05:00 AM","Amazon","10X","10/26/2024","4X","80 | 120 | 200","Coins","","10/09/2024 11:59 PM","No Limit",""
"451","10/09/2024 07:00 AM","Ulta Beauty","20X","10/26/2024","5X","100 | 300 | 400","Coins","","10/09/2024 11:59 PM","No Limit",""
"452","10/09/2024 05:00 AM","Kohl's","18X","10/27/2024","5X","100 | 260 | 360","Coins","","10/09/2024 11:59 PM","No Limit",""
"453","10/09/2024 03:45 PM","Sam's Club","14X","10/27/2024","2X","40 | 240 | 280","Coins","","10/09/2024 11:59 PM","No Limit",""
"454","10/10/2024 06:30 AM","Lowe's","14X","10/28/2024","4X","80 | 200 | 280","Coins","","10/10/2024 11:59 PM","No Limit",""
"455","10/10/2024 06:30 AM","REI","18X","10/28/2024","6X","120 | 240 | 360","Coins","","10/10/2024 11:59 PM","No Limit",""
"456","10/10/2024 06:30 AM","Netflix","20X","10/28/2024","5X","100 | 300 | 400","Coins","","10/10/2024 11:59 PM","No Limit",""
"457","10/10/2024 06:30 AM","PetSmart","20X","10/28/2024","7X","140 | 260 | 400","Coins","","10/10/2024 11:59 PM","No Limit",""
"458","10/10/2024 07:30 AM","Amazon Fresh","10X","10/28/2024","4X","80 | 120 | 200","Coins","","10/10/2024 11:59 PM","No Limit",""
"461","10/10/2024 07:30 AM","Macy's","20X","10/28/2024","3X","60 | 340 | 400","Coins","","10/10/2024 11:59 PM","No Limit",""
"463","10/10/2024 01:00 PM","Bath & Body Works","20X","10/28/2024","5X","100 | 300 | 400","Coins","","10/10/2024 11:59 PM","No Limit",""
"464","10/11/2024 12:00 AM","Uber","10%","10/29/2024","3X","54","%","","10/13/2024 11:59 PM","No Limit",""
"465","10/11/2024 12:00 AM","Uber Eats","10%","10/29/2024","3X","54","%","","10/13/2024 11:59 PM","No Limit",""
"466","10/11/2024 07:00 AM","Belk","20X","10/29/2024","8X","160 | 240 | 400","Coins","","10/11/2024 11:59 PM","No Limit",""
"467","10/11/2024 07:00 AM","Ace Hardware","21X","10/29/2024","6X","120 | 300 | 420","Coins","","10/11/2024 11:59 PM","No Limit",""
"468","10/11/2024 09:00 AM","Sam's Club","14X","10/29/2024","2X","40 | 240 | 280","Coins","","10/11/2024 11:59 PM","No Limit",""
"469","10/11/2024 09:00 AM","Kohl's","18X","10/28/2024","5X","100 | 260 | 360","Coins","","10/11/2024 11:59 PM","No Limit",""
"472","10/11/2024 08:00 AM","Adidas","18X","10/29/2024","7X","140 | 220 | 360","Coins","","10/11/2024 11:59 PM","No Limit",""
"473","10/11/2024 01:00 PM","Amazon","10X","10/29/2024","4X","80 | 120 | 200","Coins","","10/11/2024 11:59 PM","No Limit",""
"475","10/12/2024 08:30 AM","Boscov's","18X","10/30/2024","7X","140 | 220 | 360","Coins","","10/12/2024 11:59 PM","No Limit",""
"476","10/12/2024 08:30 AM","DSW","20X","10/30/2024","5X","100 | 300 | 400","Coins","","10/12/2024 11:59 PM","No Limit",""
"477","10/12/2024 08:30 AM","Wayfair","16X","10/30/2024","4X","80 | 240 | 320","Coins","","10/12/2024 11:59 PM","No Limit",""
"478","10/12/2024 08:30 AM","Gamestop","22X","10/30/2024","5X","100 | 340 | 440","Coins","","10/12/2024 11:59 PM","No Limit",""
"479","10/13/2024 08:00 AM","JC Penney","21X","10/31/2024","7X","140 | 280 | 420","Coins","","10/13/2024 11:59 PM","No Limit",""
"480","10/13/2024 08:00 AM","Finish Line","20X","10/31/2024","8X","160 | 240 | 400","Coins","","10/13/2024 11:59 PM","No Limit",""
"481","10/13/2024 08:00 AM","Columbia","18X","10/31/2024","6X","120 | 240 | 360","Coins","","10/13/2024 11:59 PM","No Limit",""
"482","10/13/2024 08:00 AM","Cabela's","20X","10/31/2024","6X","120 | 280 | 400","Coins","","10/13/2024 11:59 PM","No Limit",""
"484","10/13/2024 08:00 AM","Barnes & Noble","22X","10/31/2024","4X","80 | 360 | 440","Coins","","10/13/2024 11:59 PM","No Limit",""
"485","10/13/2024 08:00 AM","Amazon Fresh","10X","10/31/2024","4X","80 | 120 | 200","Coins","","10/13/2024 11:59 PM","No Limit",""
"486","10/13/2024 08:00 AM","X-Box $25","20X","10/31/2024","5X","100 | 300 | 400","Coins","","10/13/2024 11:59 PM","No Limit",""
"487","10/13/2024 08:00 AM","X-Box $50","20X","10/31/2024","5X","100 | 300 | 400","Coins","","10/13/2024 11:59 PM","No Limit",""
"488","10/13/2024 08:00 AM","X-Box $100","20X","10/31/2024","5X","100 | 300 | 400","Coins","","10/13/2024 11:59 PM","No Limit",""
"489","10/14/2024 06:00 AM","Stubhub","20X","11/01/2024","5X","100 | 300 | 400","Coins","","10/14/2024 11:59 PM","No Limit",""
"490","10/14/2024 06:00 AM","Sam's Club","12X","11/01/2024","2X","40 | 200 | 240","Coins","","10/14/2024 11:59 PM","No Limit",""
"491","10/14/2024 06:00 AM","AirBnB","14X","11/01/2024","4X","80 | 200 | 280","Coins","","10/14/2024 11:59 PM","No Limit",""
"492","10/14/2024 01:00 PM","Kohl's","18X","11/01/2024","5X","100 | 260 | 360","Coins","","10/14/2024 11:59 PM","No Limit",""
"493","10/14/2024 02:45 PM","Bath & Body Works","20X","11/01/2024","5X","100 | 300 | 400","Coins","","10/14/2024 11:59 PM","No Limit",""
"495","10/14/2024 06:00 AM","Ikea","18X","11/01/2024","4X","80 | 280 | 360","Coins","","10/14/2024 11:59 PM","No Limit",""
"497","10/15/2024 07:00 AM","Victoria's Secret","20X","11/02/2024","4X","80 | 320 | 400","Coins","","10/15/2024 11:59 PM","No Limit",""
"498","10/15/2024 07:00 AM","Ulta Beauty","20X","11/02/2024","5X","100 | 300 | 400","Coins","","10/15/2024 11:59 PM","No Limit",""
"499","10/15/2024 07:00 AM","Amazon","12X","11/02/2024","4X","80 | 160 | 240","Coins","","10/15/2024 11:59 PM","No Limit",""
"500","10/15/2024 06:00 AM","Ace Hardware","20X","11/02/2024","6X","120 | 280 | 400","Coins","","10/15/2024 11:59 PM","No Limit",""
"501","10/15/2024 07:00 AM","Champs","18X","11/01/2024","6X","120 | 240 | 360","Coins","","10/15/2024 11:59 PM","No Limit",""
"502","10/15/2024 06:00 AM","""Bed, Bath, & Beyond""","20X","11/02/2024","5X","100 | 300 | 400","Coins","","10/15/2024 11:59 PM","No Limit",""
"504","10/15/2024 11:00 AM","Fanatics","25X","11/02/2024","7X","140 | 360 | 500","Coins","","10/15/2024 11:59 PM","No Limit",""
"505","10/16/2024 06:00 AM","Puma","21X","11/03/2024","8X","160 | 260 | 420","Coins","","10/16/2024 11:59 PM","No Limit",""
"506","10/16/2024 06:00 AM","Hollister","20X","11/03/2024","5X","100 | 300 | 400","Coins","","10/16/2024 11:59 PM","No Limit",""
"507","10/16/2024 06:00 AM","Southwest","20X","11/03/2024","4X","80 | 320 | 400","Coins","","10/16/2024 11:59 PM","No Limit",""
"508","10/16/2024 06:00 AM","Sephora","20X","11/03/2024","5X","100 | 300 | 400","Coins","","10/16/2024 11:59 PM","No Limit",""
"509","10/16/2024 07:00 AM","Amazon Fresh","13X","11/03/2024","4X","80 | 180 | 260","Coins","","10/16/2024 11:59 PM","No Limit",""
"510","10/16/2024 07:00 AM","Kohl's","18X","11/03/2024","5X","100 | 260 | 360","Coins","","10/16/2024 11:59 PM","No Limit",""
"511","10/17/2024 08:00 AM","Lowe's","14X","11/04/2024","4X","80 | 200 | 280","Coins","","10/17/2024 11:59 PM","No Limit",""
"512","10/17/2024 08:00 AM","Nike","15X","11/04/2024","7X","140 | 160 | 300","Coins","","10/17/2024 11:59 PM","No Limit",""
"516","10/18/2024 08:00 AM","Amazon","13X","11/05/2024","4X","80 | 180 | 260","Coins","","10/18/2024 11:59 PM","No Limit",""
"517","10/19/2024 10:00 AM","Adidas","18X","11/06/2024","7X","140 | 220 | 360","Coins","","10/19/2024 11:59 PM","No Limit",""
"518","10/19/2024 10:00 AM","Gamestop","22X","11/06/2024","5X","100 | 340 | 440","Coins","","10/19/2024 11:59 PM","No Limit",""
"519","10/19/2024 10:00 AM","Macy's","20X","11/06/2024","3X","60 | 340 | 400","Coins","","10/19/2024 11:59 PM","No Limit",""
"520","10/19/2024 10:00 AM","Sam's Club","14X","11/06/2024","2X","40 | 240 | 280","Coins","","10/19/2024 11:59 PM","No Limit",""
"521","10/20/2024 09:00 AM","Amazon Fresh","13X","11/07/2024","4X","80 | 180 | 260","Coins","","10/20/2024 11:59 PM","No Limit",""
"522","10/20/2024 09:00 AM","Stubhub","20X","11/07/2024","5X","100 | 300 | 400","Coins","","10/20/2024 11:59 PM","No Limit",""
"523","10/20/2024 09:00 AM","PetSmart","20X","11/07/2024","7X","140 | 260 | 400","Coins","","10/20/2024 11:59 PM","No Limit",""
"524","10/20/2024 09:00 AM","Finish Line","20X","11/07/2024","8X","160 | 240 | 400","Coins","","10/20/2024 11:59 PM","No Limit",""
"525","10/21/2024 08:30 AM","Kohl's","18X","11/08/2024","5X","100 | 260 | 360","Coins","","10/21/2024 11:59 PM","No Limit",""
"528","10/21/2024 08:30 AM","Amazon","13X","11/08/2024","4X","80 | 180 | 260","Coins","","10/21/2024 11:59 PM","No Limit",""
"530","10/21/2024 11:00 AM","Sam's Club","14X","11/08/2024","2X","40 | 240 | 280","Coins","","10/21/2024 11:59 PM","No Limit",""
"531","10/21/2024 11:00 AM","Bath & Body Works","20X","11/08/2024","5X","100 | 300 | 400","Coins","","10/21/2024 11:59 PM","No Limit",""
"532","10/21/2024 11:00 AM","Ace Hardware","20X","11/08/2024","6X","120 | 280 | 400","Coins","","10/21/2024 11:59 PM","No Limit",""
"533","10/02/2024 01:00 PM","Adidas","18X","10/20/2024","7X","140 | 220 | 360","Coins","","10/02/2024 02:06 PM","No Limit",""
"534","10/21/2024 07:45 PM","AirBnB","16X","11/08/2024","4X","80 | 240 | 320","Coins","","10/21/2024 11:59 PM","No Limit",""
"535","10/22/2024 10:00 AM","Amazon Fresh","16X","11/05/2024","4X","80 | 240 | 320","Coins","","10/22/2024 11:59 PM","No Limit",""
"536","10/22/2024 10:00 AM","Hulu","15X","11/05/2024","5X","100 | 200 | 300","Coins","","10/22/2024 11:59 PM","No Limit",""
"537","10/22/2024 10:00 AM","PetSmart","20X","11/05/2024","7X","140 | 260 | 400","Coins","","10/22/2024 11:59 PM","No Limit",""
"538","10/22/2024 10:00 AM","Meijer","9X","11/05/2024","3X","60 | 120 | 180","Coins","","10/31/2024 11:59 PM","1 Time Use | $500 Max Spend || Extended to 09/30 on 09/24.",""
"539","10/22/2024 10:00 AM","JC Penney","20X","11/05/2024","7X","140 | 260 | 400","Coins","","10/22/2024 11:59 PM","No Limit",""
"540","10/22/2024 10:00 AM","Sam's Club","14X","11/05/2024","2X","40 | 240 | 280","Coins","","10/22/2024 11:59 PM","No Limit",""
"541","10/22/2024 10:00 AM","Delta","12X","11/05/2024","4X","80 | 160 | 240","Coins","","10/22/2024 11:59 PM","No Limit",""
"542","10/22/2024 10:00 AM","H&M","15X","11/05/2024","5X","100 | 200 | 300","Coins","","10/22/2024 11:59 PM","No Limit",""
"543","10/22/2024 10:00 AM","Victoria's Secret","20X","11/05/2024","4X","80 | 320 | 400","Coins","","10/22/2024 11:59 PM","No Limit",""
"544","10/22/2024 10:00 AM","Kohl's","18X","11/05/2024","5X","100 | 260 | 360","Coins","","10/22/2024 11:59 PM","No Limit",""
"545","10/22/2024 10:00 AM","Adidas","18X","11/05/2024","7X","140 | 220 | 360","Coins","","10/22/2024 11:59 PM","No Limit",""
"546","10/22/2024 05:30 PM","Amazon","13X","11/05/2024","4X","80 | 180 | 260","Coins","","10/22/2024 11:59 PM","No Limit",""
"547","10/23/2024 10:00 AM","Nike","15X","11/06/2024","7X","140 | 160 | 300","Coins","","10/23/2024 11:59 PM","No Limit",""
"549","10/23/2024 09:00 AM","Kohl's","18X","11/06/2024","5X","100 | 260 | 360","Coins","","10/23/2024 11:59 PM","No Limit",""
"550","10/23/2024 11:00 AM","Champs","18X","11/06/2024","6X","120 | 240 | 360","Coins","","10/23/2024 11:59 PM","No Limit",""
"551","10/23/2024 11:00 AM","Finish Line","20X","11/06/2024","8X","160 | 240 | 400","Coins","","10/23/2024 11:59 PM","No Limit",""
"552","10/23/2024 09:00 AM","Sam's Club","14X","11/06/2024","2X","40 | 240 | 280","Coins","","10/23/2024 11:59 PM","No Limit",""
"553","10/23/2024 10:00 AM","Converse","15X","11/06/2024","5X","100 | 200 | 300","Coins","","10/23/2024 11:59 PM","No Limit",""
"554","10/23/2024 11:00 AM","Lowe's","15X","11/06/2024","4X","80 | 220 | 300","Coins","","10/23/2024 11:59 PM","No Limit",""
"556","10/23/2024 09:00 AM","Amazon Fresh","16X","11/06/2024","4X","80 | 240 | 320","Coins","","10/23/2024 11:59 PM","No Limit",""
"557","10/24/2024 09:00 AM","Amazon","16X","11/07/2024","4X","80 | 240 | 320","Coins","","10/24/2024 11:59 PM","No Limit",""
"558","10/24/2024 11:00 AM","JC Penney","25X","11/07/2024","7X","140 | 360 | 500","Coins","","10/24/2024 11:59 PM","No Limit",""
"559","10/24/2024 11:00 AM","Macy's","20X","11/07/2024","3X","60 | 340 | 400","Coins","","10/24/2024 11:59 PM","No Limit",""
"560","10/24/2024 11:00 AM","REI","18X","11/07/2024","6X","120 | 240 | 360","Coins","","10/24/2024 11:59 PM","No Limit",""
"561","10/24/2024 10:00 AM","Fanatics","25X","11/07/2024","7X","140 | 360 | 500","Coins","","10/24/2024 11:59 PM","No Limit",""
"562","10/24/2024 12:00 PM","Sam's Club","14X","11/07/2024","2X","40 | 240 | 280","Coins","","10/24/2024 11:59 PM","No Limit",""
"563","10/24/2024 01:00 PM","Champs","20X","11/07/2024","6X","120 | 280 | 400","Coins","","10/24/2024 11:59 PM","No Limit",""
"564","10/24/2024 01:00 PM","Gamestop","20X","11/07/2024","5X","100 | 300 | 400","Coins","","10/24/2024 11:59 PM","No Limit",""
"565","10/24/2024 01:00 PM","Bath & Body Works","20X","11/07/2024","5X","100 | 300 | 400","Coins","","10/24/2024 11:59 PM","No Limit",""
"566","10/25/2024 11:30 AM","Nike","15X","11/08/2024","7X","140 | 160 | 300","Coins","","10/25/2024 11:59 PM","No Limit",""
"567","10/25/2024 10:30 AM","Sam's Club","12X","11/08/2024","2X","40 | 200 | 240","Coins","","10/25/2024 11:59 PM","No Limit",""
"568","10/25/2024 10:30 AM","Chipotle","20X","11/08/2024","2X","40 | 360 | 400","Coins","","10/25/2024 11:59 PM","No Limit",""
"569","10/25/2024 12:30 PM","Gamestop","20X","11/08/2024","5X","100 | 300 | 400","Coins","","10/25/2024 11:59 PM","No Limit",""
"570","10/25/2024 12:30 PM","Amazon","12X","11/08/2024","4X","80 | 160 | 240","Coins","","10/25/2024 11:59 PM","No Limit",""
"571","10/25/2024 11:30 AM","Champs","18X","11/08/2024","6X","120 | 240 | 360","Coins","","10/25/2024 11:59 PM","No Limit",""
"573","10/25/2024 01:30 PM","Finish Line","20X","11/08/2024","8X","160 | 240 | 400","Coins","","10/25/2024 11:59 PM","No Limit",""
"574","10/25/2024 01:30 PM","Victoria's Secret","20X","11/08/2024","4X","80 | 320 | 400","Coins","","10/25/2024 11:59 PM","No Limit",""
"575","10/25/2024 01:30 PM","Bath & Body Works","20X","11/08/2024","5X","100 | 300 | 400","Coins","","10/25/2024 11:59 PM","No Limit",""
"578","10/25/2024 02:30 PM","Puma","20X","11/08/2024","8X","160 | 240 | 400","Coins","","10/25/2024 11:59 PM","No Limit",""
"579","10/26/2024 10:30 AM","PetSmart","20X","11/09/2024","7X","140 | 260 | 400","Coins","","10/26/2024 11:59 PM","No Limit",""
"580","10/26/2024 10:30 AM","Columbia","18X","11/09/2024","6X","120 | 240 | 360","Coins","","10/26/2024 11:59 PM","No Limit",""
"581","10/26/2024 10:30 AM","Adidas","18X","11/09/2024","7X","140 | 220 | 360","Coins","","10/26/2024 11:59 PM","No Limit",""
"582","10/26/2024 11:30 AM","Finish Line","18X","11/09/2024","8X","160 | 200 | 360","Coins","","10/26/2024 11:59 PM","No Limit",""
"583","10/26/2024 11:30 AM","Converse","15X","11/09/2024","5X","100 | 200 | 300","Coins","","10/26/2024 11:59 PM","No Limit",""
"584","10/26/2024 11:30 AM","Lowe's","14X","11/09/2024","4X","80 | 200 | 280","Coins","","10/26/2024 11:59 PM","No Limit",""
"585","10/26/2024 12:30 PM","REI","15X","11/09/2024","6X","120 | 180 | 300","Coins","","10/26/2024 11:59 PM","No Limit",""
"586","10/26/2024 12:30 PM","Amazon Fresh","12X","11/09/2024","4X","80 | 160 | 240","Coins","","10/26/2024 11:59 PM","No Limit",""
"587","10/27/2024 12:00 AM","Instacart","10%","","3X","54","%","","10/30/2024 11:59 PM","1 Time Use | $200 Max Spend",""
"588","10/27/2024 12:30 PM","Sam's Club","12X","11/10/2024","2X","40 | 200 | 240","Coins","","10/27/2024 11:59 PM","No Limit",""
"589","10/27/2024 11:30 AM","Puma","15X","11/10/2024","8X","160 | 140 | 300","Coins","","10/27/2024 11:59 PM","No Limit",""
"590","10/27/2024 11:30 AM","Fanatics","20X","11/10/2024","7X","140 | 260 | 400","Coins","","10/27/2024 11:59 PM","No Limit",""
"592","10/27/2024 10:30 AM","Kohl's","18X","11/10/2024","5X","100 | 260 | 360","Coins","","10/27/2024 11:59 PM","No Limit",""
"594","10/27/2024 10:30 AM","Wayfair","15X","11/10/2024","4X","80 | 220 | 300","Coins","","10/27/2024 11:59 PM","No Limit",""
"595","10/27/2024 11:30 AM","Abercrombie & Fitch","20X","11/10/2024","6X","120 | 280 | 400","Coins","","10/27/2024 11:59 PM","No Limit",""
"596","10/27/2024 10:30 AM","""Bed, Bath, & Beyond""","20X","11/10/2024","5X","100 | 300 | 400","Coins","","10/27/2024 11:59 PM","No Limit",""
"597","10/28/2024 10:30 AM","Amazon Fresh","16X","11/11/2024","4X","80 | 240 | 320","Coins","","10/28/2024 11:59 PM","No Limit",""
"598","10/28/2024 10:30 AM","Hulu","15X","11/11/2024","5X","100 | 200 | 300","Coins","","10/28/2024 11:59 PM","No Limit",""
"599","10/28/2024 10:30 AM","PetSmart","20X","11/11/2024","7X","140 | 260 | 400","Coins","","10/28/2024 11:59 PM","No Limit",""
"600","10/28/2024 10:30 AM","JC Penney","20X","11/11/2024","7X","140 | 260 | 400","Coins","","10/28/2024 11:59 PM","No Limit",""
"601","10/28/2024 10:30 AM","Delta","12X","11/11/2024","4X","80 | 160 | 240","Coins","","10/28/2024 11:59 PM","No Limit",""
"602","10/28/2024 10:30 AM","Victoria's Secret","20X","11/11/2024","4X","80 | 320 | 400","Coins","","10/28/2024 11:59 PM","No Limit",""
"603","10/28/2024 11:30 AM","Converse","15X","11/11/2024","5X","100 | 200 | 300","Coins","","10/28/2024 11:59 PM","No Limit",""
"604","10/28/2024 12:30 PM","Sam's Club","14X","11/11/2024","2X","40 | 240 | 280","Coins","","10/28/2024 11:59 PM","No Limit",""
"605","10/28/2024 01:30 PM","Kohl's","18X","11/11/2024","5X","100 | 260 | 360","Coins","","10/28/2024 11:59 PM","No Limit",""
"606","10/29/2024 11:00 AM","Champs","18X","11/12/2024","6X","120 | 240 | 360","Coins","","10/29/2024 11:59 PM","No Limit",""
"607","10/29/2024 11:00 AM","Finish Line","20X","11/12/2024","8X","160 | 240 | 400","Coins","","10/29/2024 11:59 PM","No Limit",""
"608","10/29/2024 11:00 AM","Converse","15X","11/12/2024","5X","100 | 200 | 300","Coins","","10/29/2024 11:59 PM","No Limit",""
"609","10/29/2024 11:30 AM","Lowe's","15X","11/12/2024","4X","80 | 220 | 300","Coins","","10/29/2024 11:59 PM","No Limit",""
"611","10/29/2024 12:00 PM","Kohl's","16X","11/12/2024","5X","100 | 220 | 320","Coins","","10/29/2024 11:59 PM","No Limit",""
"612","10/29/2024 12:30 PM","Amazon Fresh","14X","11/12/2024","4X","80 | 200 | 280","Coins","","10/29/2024 11:59 PM","No Limit",""
"614","10/29/2024 01:30 PM","Sam's Club","14X","11/12/2024","2X","40 | 240 | 280","Coins","","10/29/2024 11:59 PM","No Limit",""
"615","10/29/2024 10:30 AM","Nike","15X","11/12/2024","7X","140 | 160 | 300","Coins","","10/29/2024 11:59 PM","No Limit",""
"616","10/30/2024 12:00 AM","Doordash","10%","","3X","54","%","","11/01/2024 11:59 PM","1 Time Use | $600 Max Spend",""
"618","10/30/2024 10:00 AM","Fanatics","25X","11/13/2024","7X","140 | 360 | 500","Coins","","10/30/2024 11:59 PM","No Limit",""
"619","10/30/2024 10:30 AM","Amazon","14X","11/13/2024","4X","80 | 200 | 280","Coins","","10/30/2024 11:59 PM","No Limit",""
"621","10/30/2024 11:00 AM","REI","18X","11/13/2024","6X","120 | 240 | 360","Coins","","10/30/2024 11:59 PM","No Limit",""
"622","10/30/2024 11:00 AM","Macy's","20X","11/13/2024","3X","60 | 340 | 400","Coins","","10/30/2024 11:59 PM","No Limit",""
"623","10/30/2024 11:00 AM","JC Penney","25X","11/13/2024","7X","140 | 360 | 500","Coins","","10/30/2024 11:59 PM","No Limit",""
"625","10/30/2024 01:00 PM","Champs","20X","11/13/2024","6X","120 | 280 | 400","Coins","","10/30/2024 11:59 PM","No Limit",""
"626","10/30/2024 01:00 PM","Gamestop","20X","11/13/2024","5X","100 | 300 | 400","Coins","","10/30/2024 11:59 PM","No Limit",""
"627","10/30/2024 01:00 PM","Bath & Body Works","20X","11/13/2024","5X","100 | 300 | 400","Coins","","10/30/2024 11:59 PM","No Limit",""
"628","10/30/2024 04:50 PM","Amazon Fresh","15X","11/13/2024","4X","80 | 220 | 300","Coins","","10/30/2024 11:59 PM","No Limit",""
"629","10/31/2024 10:30 AM","Sam's Club","12X","11/14/2024","2X","40 | 200 | 240","Coins","","10/31/2024 11:59 PM","No Limit",""
"630","10/31/2024 10:30 AM","Chipotle","20X","11/14/2024","2X","40 | 360 | 400","Coins","","10/31/2024 11:59 PM","No Limit",""
"631","10/31/2024 11:30 AM","Nike","15X","11/14/2024","7X","140 | 160 | 300","Coins","","10/31/2024 11:59 PM","No Limit",""
"633","10/31/2024 11:30 AM","Champs","18X","11/14/2024","6X","120 | 240 | 360","Coins","","10/31/2024 11:59 PM","No Limit",""
"634","10/31/2024 12:30 PM","Gamestop","20X","11/14/2024","5X","100 | 300 | 400","Coins","","10/31/2024 11:59 PM","No Limit",""
"635","10/31/2024 01:30 PM","Amazon","12X","11/14/2024","4X","80 | 160 | 240","Coins","","10/31/2024 11:59 PM","No Limit",""
"636","10/31/2024 01:30 PM","Finish Line","20X","11/14/2024","8X","160 | 240 | 400","Coins","","10/31/2024 11:59 PM","No Limit",""
"638","10/31/2024 01:30 PM","Victoria's Secret","20X","11/14/2024","4X","80 | 320 | 400","Coins","","10/31/2024 11:59 PM","No Limit",""
"639","10/31/2024 01:30 PM","Bath & Body Works","20X","11/14/2024","5X","100 | 300 | 400","Coins","","10/31/2024 11:59 PM","No Limit",""
"640","10/31/2024 02:30 PM","Puma","20X","11/14/2024","8X","160 | 240 | 400","Coins","","10/31/2024 11:59 PM","No Limit",""
"641","10/31/2024 05:30 PM","Amazon Fresh","12X","11/14/2024","4X","80 | 160 | 240","Coins","","10/31/2024 11:59 PM","No Limit",""
"645","11/01/2024 12:30 PM","Amazon Fresh","12X","11/15/2024","4X","80 | 160 | 240","Coins","","11/01/2024 11:59 PM","No Limit",""
"646","11/01/2024 12:30 PM","REI","15X","11/15/2024","6X","120 | 180 | 300","Coins","","11/01/2024 11:59 PM","No Limit",""
"647","11/01/2024 11:30 AM","Lowe's","14X","11/15/2024","4X","80 | 200 | 280","Coins","","11/01/2024 11:59 PM","No Limit",""
"648","11/01/2024 11:30 AM","Converse","15X","11/15/2024","5X","100 | 200 | 300","Coins","","11/01/2024 11:59 PM","No Limit",""
"649","11/01/2024 10:30 AM","Adidas","18X","11/15/2024","7X","140 | 220 | 360","Coins","","11/01/2024 11:59 PM","No Limit",""
"650","11/01/2024 10:30 AM","Columbia","18X","11/15/2024","6X","120 | 240 | 360","Coins","","11/01/2024 11:59 PM","No Limit",""
"651","11/01/2024 10:30 AM","PetSmart","20X","11/15/2024","7X","140 | 260 | 400","Coins","","11/01/2024 11:59 PM","No Limit",""
"652","11/01/2024 11:30 AM","Finish Line","18X","11/15/2024","8X","160 | 200 | 360","Coins","","11/01/2024 11:59 PM","No Limit",""
"656","11/01/2024 03:35 PM","Sephora","20X","11/15/2024","5X","100 | 300 | 400","Coins","","11/01/2024 11:59 PM","No Limit",""
"657","11/01/2024 05:30 PM","Macy's","20X","11/15/2024","3X","60 | 340 | 400","Coins","","11/01/2024 11:59 PM","No Limit",""
"658","11/01/2024 04:30 PM","Sam's Club","16X","11/15/2024","2X","40 | 280 | 320","Coins","","11/01/2024 11:59 PM","No Limit",""
"659","11/02/2024 10:30 AM","PetSmart","20X","11/16/2024","7X","140 | 260 | 400","Coins","","11/02/2024 11:59 PM","No Limit",""
"660","11/02/2024 10:30 AM","Columbia","18X","11/16/2024","6X","120 | 240 | 360","Coins","","11/02/2024 11:59 PM","No Limit",""
"661","11/02/2024 10:30 AM","Adidas","18X","11/16/2024","7X","140 | 220 | 360","Coins","","11/02/2024 11:59 PM","No Limit",""
"662","11/02/2024 11:30 AM","Finish Line","18X","11/16/2024","8X","160 | 200 | 360","Coins","","11/02/2024 11:59 PM","No Limit",""
"663","11/02/2024 11:30 AM","Converse","15X","11/16/2024","5X","100 | 200 | 300","Coins","","11/02/2024 11:59 PM","No Limit",""
"664","11/02/2024 11:30 AM","Lowe's","14X","11/16/2024","4X","80 | 200 | 280","Coins","","11/02/2024 11:59 PM","No Limit",""
"665","11/02/2024 12:30 PM","Amazon Fresh","12X","11/16/2024","4X","80 | 160 | 240","Coins","","11/02/2024 11:59 PM","No Limit",""
"666","11/02/2024 12:30 PM","REI","15X","11/16/2024","6X","120 | 180 | 300","Coins","","11/02/2024 11:59 PM","No Limit",""
"667","11/02/2024 01:00 PM","Macy's","20X","11/16/2024","3X","60 | 340 | 400","Coins","","11/02/2024 11:59 PM","No Limit",""
"668","11/02/2024 02:00 PM","Sephora","20X","11/16/2024","5X","100 | 300 | 400","Coins","","11/02/2024 11:59 PM","No Limit",""
"669","11/02/2024 03:00 PM","","","11/16/2024","","#ERROR!","Coins","","11/02/2024 11:59 PM","No Limit",""